{
    "mtx": [
        [518.5482482635537, 0.0, 332.77602562885755],
        [0.0, 518.1401564745074, 234.93108073633655],
        [0.0, 0.0, 1.0]
    ],
    "dist": [
        0.021793406475066068,
        -0.09503438797570969,
        -0.004482223774821016,
        0.004896585683530778,
        0.0
    ]
}
