{
    "mtx": [
        [
            1044.3820659093087,
            0.0,
            640.5
        ],
        [
            0.0,
            1044.3820659093087,
            480.5
        ],
        [
            0.0,
            0.0,
            1.0
        ]
    ],
    "dist": [
        1e-08,
        1e-08,
        1e-08,
        1e-08,
        1e-08
    ]
}