,Vérité terrain (Translation),RANSAC (Translation),Différence (Translation),Vérité terrain (Rotation),RANSAC (Rotation),Différence (Rotation)
X,0.21491984715153725,0.21580650650892289,-0.000886659357385633,-1.6382236615696406,-1.570883559946789,-0.06734010162285164
Y,0.015154573458560174,0.022002047246703016,-0.006847473788142842,6.211037900000876e-17,-3.401394055302376e-09,3.401394117412755e-09
Z,1.1085773223868727,1.1085700797306075,7.242656265171732e-06,-1.5708043510569227,-1.5707749587582014,-2.9392298721342414e-05
