Number of Images,Mean Reprojection Error
7,1.4883624889567997
20,1.5363206180975633
2,1.5368539669999173
5,1.5732374961617603
10,1.6725097026213753
