Number of Images,Mean Reprojection Error
20,0.6809337595761523
5,0.6958306075368192
2,0.7199632104519065
10,0.7728595304321211
7,0.7921005777243407
